{
    "translations": {
        "common": {
            "title_1": "Créer un participant",
            "title_2": "Deconnexion",
            "title_3": "En course",
            "title_4": "En attente",
            "title_5":"Tous",
            "field_6":"Type d'opérateur",
            "field_7":"ID",
            "field_8":"Prénom",
            "field_9":"Nom",
            "field_10":"opérateur",
            "field_11":"Email",
            "field_12":"Derniers chiffres du code Votaccess",
            "field_13":"Type",
            "field_14":"Civilité",
            "field_15":"Adresse",
            "field_16":"Date de la fiche",
            "field_17":"Niveau OP",
            "field_18":"Heure OP",
            "field_19":"Télécharger / Consulter les fichiers",
            "field_20":"Actions",
            "field_21":"Mettre à jour", 
            "field_22":"Statut d'inscription",
            "field_23":"Mécanisme",
            "field_24":"Inscription",
            "field_25":"Acceptation",
            "field_26":"En ligne",
            "field_27":"Effacer",
            "field_28":"Résumé"

        },
    
    "create": {
     "field_1":"Prenom",
       "field_2":"Nom",
       "field_3":"Title",
       "field_4":"Addresse",
       "field_5":"Code postal",
       "field_6":"Ville",
       "field_7":"Email",
       "field_8":"Mobile phone",
       "field_9":"Type de participationparti",
       "field_10":"Nombre d'actions ordinaires", 
       "field_11":"Nombre de voix ordinaires",
       "field_12":"Nombre d'actions extraordinaires", 
       "field_13":"Nombre de voix extraordinaires",
       "field_14":"Créer un participant"
   
    },
     "Download_view_files": {
      "field_1":"Participant",
      "field_2":"ID",
      "field_3":"Abonné AGD",
      "field_4":"Opération",
      "field_5":"Nombre d'actions ordinaires",
      "field_6":"Addresse",
      "field_7":"Email",
      "field_8":"Téléphoner",
      "field_9":"NO",
      "field_10":"Type de document",
      "field_11":"Nom de fichier",
      "field_12":"Icône",
      "field_13":"Sélectionnez le type de téléchargement",
      "field_14":"Sélectionnez le fichier à télécharger",
      "field_15":"Téléchargement / affichage de fichiers"

     },
     "Send_an_email_to_the_participant": {
      "field_1":"Participant",
      "field_2":"ID",
      "field_3":"Abonné AGD",
      "field_4":"Operation",
      "field_5":"Nombre d'actions ordinaires",
      "field_6":"Addresse",
      "field_7":"Email",
      "field_8":"Téléphoner",
      "field_9":"Un e-mail avec un lien symbolisé sera envoyé au participant pour inscription.",
      "field_10":"Envoyer un e-mail au participant"
      },
      "Green_button": {
      "field_1":"Participant ID",
      "field_3":"Abonné AGD",
      "field_4":"Opération",
      "field_5":"Nombre d'actions ordinaires",
      "field_6":"Addresse",
      "field_7":"Email",
      "field_8":"Téléphoner",
      "field_9":"NO",
      "field_10":"Type de document",
      "field_11":"Nom de fichier",
      "field_12":"Icône",
      "field_13":"Veuillez mettre à jour l’adresse e-mail du participant avec l’icône bleue d’actualisation"
      },
      "Black_button": {
      "field_1":"Participant ID",
      "field_3":"Abonné AGD",
      "field_4":"Opération",
      "field_5":"Nombre d'actions ordinaires",
      "field_6":"Addresse",
      "field_7":"Email",
      "field_8":"Téléphoner",
      "field_9":"NO",
      "field_10":"Type de document",
      "field_11":"Nom de fichier",
      "field_12":"Icône"
      },
       "Blue_button": {
      "field_1":"Participant ID",
      "field_3":"Abonné AGD",
      "field_4":"Opération",
      "field_5":"Nombre d'actions ordinaires",
      "field_6":"Addresse",
      "field_7":"Email",
      "field_8":"Téléphoner",
      "field_9":"NO",
      "field_10":"Type de document",
      "field_11":"Nom de fichier",
      "field_12":"Icône"
      },
      "update": {
      "field_1":"Participant",
      "field_2":"ID",
      "field_3":"Abonné AGD",
      "field_4":"Operation",
      "field_5":"Nombre d'actions ordinaires",
      "field_6":"Addresse",
      "field_7":"Email",
      "field_8":"Téléphoner",
      "field_9":"Nombre d'actions"
      },
      "summary":{
        "field_1":"Statut d'inscription / type",
        "field_2":"compte",
    "field_3":"Inscription",
    "field_4":"En ligne"


      },
      "view":{
        "field_1":"Voir le participant",
        "field_2":"Participant ID",
        "field_3":"Meeting Name",
        "field_4":"Admettre quand même à l’AG",
        "field_5":"Civilité",
        "field_6":"Prénom",
        "field_7":"Nom",
        "field_8":"Adresse",
        "field_9":"Zipcode",
        "field_10":"Ville",
        "field_11":"Pays",
        "field_12":"Langue",
        "field_13":"E-mail",
        "field_14":"Mobile phone",
        "field_15":"Type de participationParti",
        "field_16":"Votaccess Code",
        "field_17":"Derniers chiffres du code Votaccess",
        "field_18":"Statut d'inscription",
        "field_19":"Niveau de l'opérateur d'émargement",
        "field_20":"Horodatage de l'importation de la ficheImpo",
        "field_21":"Horodatage de la création de la ficheCrea",
        "field_22":"Horodatage de mise à jour",
        "field_23":"Actions ordinaires",
        "field_24":"Votes ordinaires",
        "field_25":"Actions extraordinaries",
        "field_26":"Votes extraordinaires",
        "field_27":"Carte d'admission",
        "field_28":"Nom de la banqueBank",
        "field_29":"Adresse de la banque",
        "field_30":"Ville de la banque",
        "field_31":"Prénom du Représentant",
        "field_32":"Nom du Représentant",
        "field_33":"Code délégué",
        "field_34":"Nom de l'opérateur",
        "field_35":"Horodatage",
        "field_36":"IP de l'opérateur",
        "field_37":"New resolution vote"
        
      }
    }
}
