{
  "translations": {
      "common": {
          "title_1":"Create a participant",
          "title_2":"Logout",
          "title_3": "In Progress",
          "title_4": "Waiting",
          "title_5":"All",
          "field_6":"Operator Type",
          "field_7":"ID",
          "field_8":"First name",
          "field_9":"Last Name",
          "field_10":"Operator",
          "field_11":"Email",
          "field_12":"Last digit of the Votaccess code",
          "field_13":"Type",
          "field_14":"Civility",
          "field_15":"Address",
          "field_16":"Record Date",
          "field_17":"OP Level",
          "field_18":"OP Time",
          "field_19":"Download/View files",
          "field_20":"Actions",
          "field_21":"Update",
          "field_22":"Registration Status",
          "field_23":"Mechanism",
          "field_24":"Subscription",
          "field_25":"Acceptance",
          "field_26":"Online",
          "field_27":"Clear",
          "field_28":"Summary"

      },
    
  "Create_a_participant": {
     "field_1":"First name",
     "field_2":"Last Name",
     "field_3":"Title",
     "field_4":"Address",
     "field_5":"Code postal",
     "field_6":"City",
     "field_7":"Email",
     "field_8":"Mobile phone",
     "field_9":"Type of participation party",
     "field_10":"number of ordinary shares", 
     "field_11":"number of ordinary voices",
     "field_12":"number of extraordinary shares", 
     "field_13":"number of extraordinary voices"
          },
  "Download_view_files": {
    "field_1":"Participant",
    "field_2":"ID",
    "field_3":"AGD subscriber",
    "field_4":"Operation",
    "field_5":"Number of ordinary shares",
    "field_6":"Address",
    "field_7":"Email",
    "field_8":"Mobile Phone",
    "field_9":"NO",
    "field_10":"Document type",
    "field_11":"File name",
    "field_12":"Icon",
    "field_13":"Select the type of download",
    "field_14":"Select the file to download",
    "field_15":"Download / View Files"
  },
  "Send_an_email_to_the_participant": {
    "field_1":"Participant",
    "field_2":"ID",
    "field_3":"AGD subscriber",
    "field_4":"Operation",
    "field_5":"Number of ordinary shares",
    "field_6":"Address",
    "field_7":"Email",
    "field_8":"Mobile phone",
    "field_9":"An email with a symbolized link will be sent to the participant for registration.",
    "field_10":"Send an email to the participant"

  },
  "Green_button": {
    "field_1":"Participant ID",
    "field_3":"AGD subscriber",
    "field_4":"Operation no",
    "field_5":"Number of ordinary shares",
    "field_6":"Address",
    "field_7":"Email",
    "field_8":"Telephone", 
    "field_9":"no",
    "field_10":"Document type",
    "field_11":"File name",
    "field_12":"Icon",
    "field_13":"Please update the participant's email address with the blue update icon"

  },
"Black_button": {
    "field_1":"Participant ID",
    "field_2":"AGD subscriber",
    "field_3":"Operation no",
    "field_4":"Number of ordinary shares",
    "field_5":"Address",
    "field_6":"Email",
    "field_7":"Telephone", 
    "field_8":"no",
    "field_9":"Document type",
    "field_10":"File name",
    "field_11":"Icon"
  },
"Blue_button": {
    "field_1":"Participant ID",
    "field_2":"AGD subscriber",
    "field_3":"Operation no",
    "field_4":"Number of ordinary shares",
    "field_5":"Address",
    "field_6":"Email",
    "field_7":"Telephone", 
    "field_8":"no",
    "field_9":"Document type",
    "field_10":"File name",
    "field_11":"Icon"
  }, 
  "update": {
    "field_1":"Participant",
    "field_2":"ID",
    "field_3":"AGD subscriber",
    "field_4":"Operation",
    "field_5":"Number of ordinary shares",
    "field_6":"Address",
    "field_7":"Email",
    "field_8":"Mobile phone",
    "field_9":"Number of actions"
  },
  "summary":{
    "field_1":"Registration status / type",
    "field_2":"Count",
    "field_3":"Subscription",
    "field_4":"Online"
  },
  "view":{
    "field_1":"Participant Name",
    "field_2":"Participant ID",
        "field_3":"Meeting Name",
        "field_4":"Admit anyway to AGM",
        "field_5":"Civility",
        "field_6":"First Name",
        "field_7":"Last Name",
        "field_8":"Address",
        "field_9":"Zipcode",
        "field_10":"City",
        "field_11":"Country",
        "field_12":"Language",
        "field_13":"E-mail",
        "field_14":"Mobile phone",
        "field_15":"Type of participation",
        "field_16":"Votaccess Code",
        "field_17":"Last digits of the Votaccess code",
        "field_18":"Registration status",
        "field_19":"Signing operator level",
        "field_20":"Timestamp of the import time",
        "field_21":"Timestamp of the creation time",
        "field_22":"Update timestamp",
        "field_23":"Ordinary Shares",
        "field_24":"Ordinary Votes",
        "field_25":"Extraordinary Shares",
        "field_26":"Extraordinaires Votes",
        "field_27":"Admission card",
        "field_28":"Bank name",
        "field_29":"Bank address",
        "field_30":"City of the bank",
        "field_31":"Representative's first name",
        "field_32":"Name of Representative",
        "field_33":"Delegate code",
        "field_34":"Operator name",
        "field_35":"Timestamp",
        "field_36":"Operator IP",
        "field_37":"New resolution vote"
        
  }
}
}
